firstname,lastname,email,dob,state,country
Victoria,Schneider,victoria.schneider@yahoo.com,1959-06-30,Kagoshima Prefecture,Japan
Kayla,Brewer,kayla.brewer@hotmail.com,1955-10-11,Gradsko Municipality,North Macedonia
Laura,Reyes,laura.reyes@hotmail.com,1966-02-12,Cher,France
Alexis,Lucas,alexis.lucas@gmail.com,1948-04-29,Piacenza,Italy
Roy,Lawrence,roy.lawrence@gmail.com,2002-02-18,Nariño,Colombia
Andrew,Wilson,andrew.wilson@gmail.com,1982-11-19,Biobío,Chile
Carrie,Evans,carrie.evans@gmail.com,1976-04-21,Misamis Occidental,Philippines
Kathryn,Dodson,kathryn.dodson@hotmail.com,1966-08-12,Cahul District,Moldova
Michelle,Shaffer,michelle.shaffer@gmail.com,1981-01-01,Khon Kaen,Thailand
Karina,Downs,karina.downs@gmail.com,1977-10-31,Tuy Province,Burkina Faso
Phillip,Williams,phillip.williams@gmail.com,1989-08-17,Jericho and Al Aghwar,Palestinian Territory Occupied
Kelsey,Jones,kelsey.jones@yahoo.com,1943-12-06,Central Province,Maldives
Charles,Martin,charles.martin@gmail.com,1956-11-10,Pagėgiai municipality,Lithuania
Linda,Stokes,linda.stokes@gmail.com,1982-04-09,Sodražica Municipality,Slovenia
Allison,Rodriguez,allison.rodriguez@gmail.com,1998-08-24,Kirkuk,Iraq
Kevin,Jones,kevin.jones@hotmail.com,1975-09-14,West Berkshire,United Kingdom
Amber,Richardson,amber.richardson@yahoo.com,1955-07-27,Tavush Region,Armenia
Denise,Stevens,denise.stevens@yahoo.com,1958-07-01,Catanduanes,Philippines
Rebecca,Davis,rebecca.davis@gmail.com,1966-05-25,Limerick,Ireland
Stefanie,Ellis,stefanie.ellis@yahoo.com,1956-01-17,Siena,Italy
Morgan,Brown,morgan.brown@hotmail.com,1993-05-06,Agnéby,Cote D'Ivoire (Ivory Coast)
Dillon,Rivera,dillon.rivera@hotmail.com,1966-05-22,Northern,Sudan
William,Olson,william.olson@hotmail.com,1987-06-25,Ash Sharqiyah Region,Oman
Michael,Meadows,michael.meadows@yahoo.com,1948-10-18,Ribeira Grande de Santiago,Cape Verde
Mary,Smith,mary.smith@yahoo.com,1998-03-14,Kolín,Czech Republic
Joseph,Lopez,joseph.lopez@yahoo.com,1978-12-02,Delhi,India
Brandon,Mccullough,brandon.mccullough@gmail.com,1990-12-08,Central District,Botswana
Virginia,Lindsey,virginia.lindsey@hotmail.com,1972-10-17,Leyte,Philippines
Christopher,Brown,christopher.brown@gmail.com,1959-11-15,Tivat Municipality,Montenegro
Kimberly,Cunningham,kimberly.cunningham@hotmail.com,1994-04-06,Intibucá Department,Honduras
Alyssa,Hoffman,alyssa.hoffman@hotmail.com,1990-04-10,Kaduna,Nigeria
Stephen,Ward,stephen.ward@yahoo.com,1948-04-29,Bremen,Germany
Jacob,Thomas,jacob.thomas@gmail.com,1972-07-22,Khan Yunis,Palestinian Territory Occupied
Victoria,Forbes,victoria.forbes@gmail.com,1988-09-13,Ganja,Azerbaijan
Mark,Gutierrez,mark.gutierrez@yahoo.com,2001-07-25,Moyen-Cavally,Cote D'Ivoire (Ivory Coast)
Katherine,Mccoy,katherine.mccoy@gmail.com,1973-06-03,Anabar District,Nauru
Amy,Cain,amy.cain@yahoo.com,1966-11-16,Sikasso Region,Mali
Marvin,Russell,marvin.russell@hotmail.com,1958-06-07,Nanumanga,Tuvalu
Barbara,Spencer,barbara.spencer@hotmail.com,1945-08-14,Agusan del Norte,Philippines
Jacqueline,Stevenson,jacqueline.stevenson@yahoo.com,1954-08-22,Pattani,Thailand
Jennifer,Garcia,jennifer.garcia@hotmail.com,1973-12-19,Opava,Czech Republic
James,Arnold,james.arnold@gmail.com,1950-04-30,Thakurgaon District,Bangladesh
Nathan,Williams,nathan.williams@hotmail.com,1986-03-21,Brčko District,Bosnia and Herzegovina
Joel,Brady,joel.brady@gmail.com,1993-01-27,Saint Catherine Parish,Jamaica
Brian,Brady,brian.brady@yahoo.com,1947-06-01,Kymenlaakso,Finland
Joshua,Thornton,joshua.thornton@hotmail.com,1991-05-05,Hrastnik Municipality,Slovenia
Jonathan,Grant,jonathan.grant@gmail.com,1959-10-05,Taichung,Taiwan
John,Morrison,john.morrison@hotmail.com,1983-03-05,Sulawesi Tengah,Indonesia
Andrea,Vincent,andrea.vincent@hotmail.com,2002-11-20,North Karelia,Finland
Yvonne,Fields,yvonne.fields@yahoo.com,1980-03-31,South Karelia,Finland
Thomas,Schultz,thomas.schultz@hotmail.com,1974-07-01,Chimborazo,Ecuador
Jaime,Carter,jaime.carter@yahoo.com,2001-01-18,Errachidia,Morocco
Elizabeth,Molina,elizabeth.molina@gmail.com,1998-04-30,Plav Municipality,Montenegro
Andrew,Randall,andrew.randall@gmail.com,1944-07-26,Middle Juba,Somalia
Stephanie,Evans,stephanie.evans@gmail.com,1955-01-10,Salinas,Puerto Rico
Lisa,Day,lisa.day@gmail.com,2000-12-09,Makkah,Saudi Arabia
Cheryl,Abbott,cheryl.abbott@yahoo.com,1992-03-16,Scottish Borders,United Kingdom
Kimberly,Silva,kimberly.silva@gmail.com,1995-04-13,Gədəbəy,Azerbaijan
Patricia,Rivera,patricia.rivera@gmail.com,1951-04-26,Nouakchott-Ouest,Mauritania
Jennifer,Melendez,jennifer.melendez@hotmail.com,1998-04-07,Yuen Long,Hong Kong S.A.R.
Destiny,Lee,destiny.lee@yahoo.com,1960-02-01,Rajasthan,India
David,Taylor,david.taylor@hotmail.com,1952-08-13,San José Department,Uruguay
Sabrina,Bartlett,sabrina.bartlett@yahoo.com,1967-07-22,Telford and Wrekin,United Kingdom
Alyssa,Ryan,alyssa.ryan@gmail.com,1986-07-24,Vakaga Prefecture,Central African Republic
Carrie,Lee,carrie.lee@hotmail.com,1944-11-06,Malacca,Malaysia
William,Collins,william.collins@hotmail.com,1980-11-02,Banten,Indonesia
Andrew,Carter,andrew.carter@hotmail.com,1993-09-29,Meta,Colombia
Erica,Curtis,erica.curtis@gmail.com,1946-07-06,Kalimantan Barat,Indonesia
Manuel,Clarke,manuel.clarke@gmail.com,1975-11-18,M’diq-Fnideq,Morocco
Shelley,Garza,shelley.garza@yahoo.com,1956-02-14,Kyōto Prefecture,Japan
Shirley,Cole,shirley.cole@yahoo.com,1957-08-24,Kymenlaakso,Finland
Michael,Simpson,michael.simpson@yahoo.com,1972-08-09,Lapland,Finland
Dennis,Fox,dennis.fox@gmail.com,1971-03-31,Tapoa Province,Burkina Faso
Matthew,Buchanan,matthew.buchanan@gmail.com,1973-09-30,Tlaxcala,Mexico
Scott,Trujillo,scott.trujillo@hotmail.com,1978-11-19,Dornod Province,Mongolia
Crystal,Davila,crystal.davila@hotmail.com,1976-07-30,Haut-Katanga,Democratic Republic of the Congo
Thomas,Miranda,thomas.miranda@gmail.com,1983-05-07,Berovo Municipality,North Macedonia
Ricardo,Pierce,ricardo.pierce@gmail.com,1990-04-01,Dubăsari District,Moldova
Amy,Hill,amy.hill@yahoo.com,1990-04-09,Kiambu,Kenya
