firstname,lastname,email,state,country
Brittney,Willis,brittney.willis@yahoo.com,Michigan,United States
Robert,Moore,robert.moore@gmail.com,Zamora,Spain
Amy,Meyer,amy.meyer@gmail.com,Mqabba,Malta
Nicole,Brown,nicole.brown@hotmail.com,Peqin District,Albania
Kimberly,Miller,kimberly.miller@gmail.com,Santa Cruz Department,Bolivia
Elaine,Rosales,elaine.rosales@hotmail.com,Brindisi,Italy
Joseph,Zamora,joseph.zamora@gmail.com,Chaiyaphum,Thailand
Cheryl,Tran,cheryl.tran@gmail.com,Kyotera District,Uganda
Chase,Miller,chase.miller@hotmail.com,Pangasinan,Philippines
Donald,Smith,donald.smith@gmail.com,Rangpur District,Bangladesh
Abigail,May,abigail.may@gmail.com,Kufra District,Libya
Anthony,Sherman,anthony.sherman@yahoo.com,Pohnpei State,Micronesia
William,Young,william.young@yahoo.com,Mengeš Municipality,Slovenia
Gerald,Gonzalez,gerald.gonzalez@hotmail.com,Malatya,Turkey
Paula,Saunders,paula.saunders@hotmail.com,Nkhotakota District,Malawi
Anthony,Carpenter,anthony.carpenter@hotmail.com,Marlborough Region,New Zealand
Andrew,Perez,andrew.perez@gmail.com,Sabha District,Libya
Robert,Coleman,robert.coleman@gmail.com,Santo Domingo Province,Dominican Republic
Heather,Mejia,heather.mejia@yahoo.com,Chin State,Myanmar
Randy,Daniels,randy.daniels@yahoo.com,Gitega Province,Burundi
Jacqueline,Mcconnell,jacqueline.mcconnell@hotmail.com,Zhytomyrska oblast,Ukraine
Jacob,Richardson,jacob.richardson@gmail.com,Karviná,Czech Republic
Fred,Hays,fred.hays@hotmail.com,Baalbek-Hermel,Lebanon
Erin,Perez,erin.perez@yahoo.com,Central Ostrobothnia,Finland
Megan,Roberts,megan.roberts@yahoo.com,Lenart Municipality,Slovenia
Tanya,Thornton,tanya.thornton@gmail.com,Gornja Radgona Municipality,Slovenia
Hailey,Skinner,hailey.skinner@gmail.com,Surrey,United Kingdom
Steven,Johnson,steven.johnson@yahoo.com,Rio Grande do Norte,Brazil
Ethan,Santiago,ethan.santiago@hotmail.com,Bauchi,Nigeria
Julie,Hopkins,julie.hopkins@gmail.com,Črna na Koroškem Municipality,Slovenia
